artist_mbid,artist_name,artist_type,country,disambiguation,gender,area,tags,aliases,begin_date,source_url,collected_at,source_row,tags_list,aliases_list
afb680f2-b6eb-4cd7-a70b-a63b25c763d5,Bruno Mars,Person,US,US singer,male,United States,rock; pop; new wave; hip hop; reggae; funk; soul; pop rock; new jack swing; pop soul; r&b; contemporary pop/rock; contemporary r&b; 2010s; synth funk; a filk artist; relic inn; music for soccer moms,Bruno Mars; 브루노 마스; Bruno Mars; Peter Gene Hernandez; ブルーノ・マーズ,1985-10-08,https://musicbrainz.org/artist/afb680f2-b6eb-4cd7-a70b-a63b25c763d5,2026-10-05T05:05:14.242906+00:00,2,"[""rock"", ""pop"", ""new wave"", ""hip hop"", ""reggae"", ""funk"", ""soul"", ""pop rock"", ""new jack swing"", ""pop soul"", ""r&b"", ""contemporary pop/rock"", ""contemporary r&b"", ""2010s"", ""synth funk"", ""a filk artist"", ""relic inn"", ""music for soccer moms""]","[""Bruno Mars"", ""브루노 마스"", ""Peter Gene Hernandez"", ""ブルーノ・マーズ""]"
20244d07-534f-4eff-b4d4-930878889970,Taylor Swift,Person,US,,female,United States,pop; dance; singer-songwriter; country; synth-pop; electropop; americana; female vocals; indie pop; icon; 2000s; dance-pop; indie folk; pop rock; country pop; alternative pop; folk pop; chamber pop; contemporary country; teen pop; top 40; country-pop; taylor-swift; re-recording; singer/songwriter; list; 2010s; fixme label mess; hp; millennial; relic inn; 2020s; loves planes; late 2000s; nuno; artist of the decade; cultural icon,泰勒丝; 泰勒·斯威夫特; טעילאר סוויפט; ٹیلر سوئفٹ; Тейлор Свіфт; Teýlor Swift; เทย์เลอร์ สวิฟต์; టేలర్ స్విఫ్ట్; டேலர் ஸ்விஃப்ட்; Тејлор Свифт; ٹیلر سوئفٹ; Taylor Swiftová; ටේලර් ස්විෆ්ට්; Taylur Swift; Тэйлор Суифт; Тейлор Свифт; ਟੇਲਰ ਸਵਿਫਟ; ٹیلر سوئفٹ; टेलर स्विफ्ट; တေလာဆွစ်ဖ်; टेलर स्विफ्ट; Тэйлор Свифт; ടെയിലർ സ്വിഫ്റ്റ്; Тејлор Свифт; टेलर स्विफ्ट; Teilora Svifta; ເທເລໍ່ ສວິຟ; Тейлор Свифт; ٹیلر سوئفٹ; ಟೈಲರ್ ಸ್ವಿಫ್ಟ್; ថេល័រ ស្វីហ្វត៍; Тейлор Свифт; ტეილორ სვიფტი; Թէյլըր Սուիֆթ; Թեյլոր Սվիֆթ; टेलर स्विफ्ट; טיילור סוויפט; تیلور سوئیفت; Τέιλορ Σουίφτ; Taylor Swiftová; تایلر سویفت; تیلور سوئیفت; টেইলর সুইফট; टेलर स्विफ्ट; Тейлър Суифт; Тэйлар Свіфт; টেইলৰ ছুইফ্ট; 霉霉; テイラー・スウィフト; 테일러 스위프트; 泰勒·史薇芙特; Taylor Swift; Taylor Alison Swift; T-Swizzle; Dr. Taylor Alison Swift; 泰勒絲; Nils Sjöberg,1989-12-13,https://musicbrainz.org/artist/20244d07-534f-4eff-b4d4-930878889970,2026-10-05T05:05:14.242906+00:00,3,"[""pop"", ""dance"", ""singer-songwriter"", ""country"", ""synth-pop"", ""electropop"", ""americana"", ""female vocals"", ""indie pop"", ""icon"", ""2000s"", ""dance-pop"", ""indie folk"", ""pop rock"", ""country pop"", ""alternative pop"", ""folk pop"", ""chamber pop"", ""contemporary country"", ""teen pop"", ""top 40"", ""country-pop"", ""taylor-swift"", ""re-recording"", ""singer/songwriter"", ""list"", ""2010s"", ""fixme label mess"", ""hp"", ""millennial"", ""relic inn"", ""2020s"", ""loves planes"", ""late 2000s"", ""nuno"", ""artist of the decade"", ""cultural icon""]","[""泰勒丝"", ""泰勒·斯威夫特"", ""טעילאר סוויפט"", ""ٹیلر سوئفٹ"", ""Тейлор Свіфт"", ""Teýlor Swift"", ""เทย์เลอร์ สวิฟต์"", ""టేలర్ స్విఫ్ట్"", ""டேலர் ஸ்விஃப்ட்"", ""Тејлор Свифт"", ""Taylor Swiftová"", ""ටේලර් ස්විෆ්ට්"", ""Taylur Swift"", ""Тэйлор Суифт"", ""Тейлор Свифт"", ""ਟੇਲਰ ਸਵਿਫਟ"", ""टेलर स्विफ्ट"", ""တေလာဆွစ်ဖ်"", ""Тэйлор Свифт"", ""ടെയിലർ സ്വിഫ്റ്റ്"", ""Teilora Svifta"", ""ເທເລໍ່ ສວິຟ"", ""ಟೈಲರ್ ಸ್ವಿಫ್ಟ್"", ""ថេល័រ ស្វីហ្វត៍"", ""ტეილორ სვიფტი"", ""Թէյլըր Սուիֆթ"", ""Թեյլոր Սվիֆթ"", ""טיילור סוויפט"", ""تیلور سوئیفت"", ""Τέιλορ Σουίφτ"", ""تایلر سویفت"", ""টেইলর সুইফট"", ""Тейлър Суифт"", ""Тэйлар Свіфт"", ""টেইলৰ ছুইফ্ট"", ""霉霉"", ""テイラー・スウィフト"", ""테일러 스위프트"", ""泰勒·史薇芙特"", ""Taylor Swift"", ""Taylor Alison Swift"", ""T-Swizzle"", ""Dr. Taylor Alison Swift"", ""泰勒絲"", ""Nils Sjöberg""]"
859d0860-d480-4efd-970c-c05d5f1776b8,Beyoncé,Person,US,,female,United States,pop; rap; dance; house; american; vocalist; singer-songwriter; hip hop; hard rock; funk; country; bass; actress; soul; electropop; disco; rnb; pianist; americana; director; southern hip hop; icon; 2000s; dance-pop; adult contemporary; pop rock; pop rap; neo soul; progressive house; club; dancer; hip hop rnb and dance hall; hip hop soul; contemporary country; teen pop; pop soul; sxsw; top 100; grammy winner; r&b; singer/songwriter; contemporary r&b; 2010s; mbs-333; art pop; alternative r&b; moombahton; trap; slim thug; contemporary pop; future bass; top 10; texas rapper; 2020s; texas music; nuno; cultural icon; businesswoman; philanthropist; houston texas music; best female artist; top 5; best female emcee; best female rapper,碧昂絲; Beyoncé; Beyoncé Knowles-Carter; ビヨンセ; Beyonce; Beyonce'; B1C; Beyoncé Giselle Knowles-Carter; Beyoncé Giselle Knowles; Beyoncé Knowles; Queen Bey,1981-09-04,https://musicbrainz.org/artist/859d0860-d480-4efd-970c-c05d5f1776b8,2026-10-05T05:05:14.242906+00:00,4,"[""pop"", ""rap"", ""dance"", ""house"", ""american"", ""vocalist"", ""singer-songwriter"", ""hip hop"", ""hard rock"", ""funk"", ""country"", ""bass"", ""actress"", ""soul"", ""electropop"", ""disco"", ""rnb"", ""pianist"", ""americana"", ""director"", ""southern hip hop"", ""icon"", ""2000s"", ""dance-pop"", ""adult contemporary"", ""pop rock"", ""pop rap"", ""neo soul"", ""progressive house"", ""club"", ""dancer"", ""hip hop rnb and dance hall"", ""hip hop soul"", ""contemporary country"", ""teen pop"", ""pop soul"", ""sxsw"", ""top 100"", ""grammy winner"", ""r&b"", ""singer/songwriter"", ""contemporary r&b"", ""2010s"", ""mbs-333"", ""art pop"", ""alternative r&b"", ""moombahton"", ""trap"", ""slim thug"", ""contemporary pop"", ""future bass"", ""top 10"", ""texas rapper"", ""2020s"", ""texas music"", ""nuno"", ""cultural icon"", ""businesswoman"", ""philanthropist"", ""houston texas music"", ""best female artist"", ""top 5"", ""best female emcee"", ""best female rapper""]","[""碧昂絲"", ""Beyoncé"", ""Beyoncé Knowles-Carter"", ""ビヨンセ"", ""Beyonce"", ""Beyonce'"", ""B1C"", ""Beyoncé Giselle Knowles-Carter"", ""Beyoncé Giselle Knowles"", ""Beyoncé Knowles"", ""Queen Bey""]"
c8b03190-306c-4120-bb0b-6f2ebfc06ea9,The Weeknd,Person,CA,Canadian R&B singer,male,Canada,electronic; pop; dubstep; hip hop; soul; synth-pop; rnb; dance-pop; hypnagogic pop; r&b; contemporary r&b; 2010s; alternative r&b; pbr&b; 2020s,The Weeknd feat. Playboi Carti; The Weeknd; Abel Makkonen Tesfaye; አቤል መኮንን ተስፋዬ; Abel Tesfaye; ザ・ウィークエンド; The Weekend,1990-02-16,https://musicbrainz.org/artist/c8b03190-306c-4120-bb0b-6f2ebfc06ea9,2026-10-05T05:05:14.242906+00:00,5,"[""electronic"", ""pop"", ""dubstep"", ""hip hop"", ""soul"", ""synth-pop"", ""rnb"", ""dance-pop"", ""hypnagogic pop"", ""r&b"", ""contemporary r&b"", ""2010s"", ""alternative r&b"", ""pbr&b"", ""2020s""]","[""The Weeknd feat. Playboi Carti"", ""The Weeknd"", ""Abel Makkonen Tesfaye"", ""አቤል መኮንን ተስፋዬ"", ""Abel Tesfaye"", ""ザ・ウィークエンド"", ""The Weekend""]"
cc2c9c3c-b7bc-4b8b-84d8-4fbd8779e493,Adele,Person,GB,UK soul/jazz singer,female,United Kingdom,pop; jazz; singer-songwriter; singer; soul; adult contemporary; blue-eyed soul; neo soul; pop and chart; pop soul; blue eyed soul; r&b; adele; alternative/indie rock; adult alternative pop/rock; 2010s; blues-pop; english singer; music for soccer moms; aln-sh,Adèle; 아델; Adele Adkins; Adele; アデル; Adele Laurie Blue Adkins; 阿黛尔,1988-05-05,https://musicbrainz.org/artist/cc2c9c3c-b7bc-4b8b-84d8-4fbd8779e493,2026-10-05T05:05:14.242906+00:00,6,"[""pop"", ""jazz"", ""singer-songwriter"", ""singer"", ""soul"", ""adult contemporary"", ""blue-eyed soul"", ""neo soul"", ""pop and chart"", ""pop soul"", ""blue eyed soul"", ""r&b"", ""adele"", ""alternative/indie rock"", ""adult alternative pop/rock"", ""2010s"", ""blues-pop"", ""english singer"", ""music for soccer moms"", ""aln-sh""]","[""Adèle"", ""아델"", ""Adele Adkins"", ""Adele"", ""アデル"", ""Adele Laurie Blue Adkins"", ""阿黛尔""]"
b8a7c51f-362c-4dcb-a259-bc6e0095f0a6,Ed Sheeran,Person,GB,UK singer‐songwriter,male,United Kingdom,pop; guitarist; folk; singer-songwriter; uk; singer; easy listening; soft rock; dance-pop; pop rap; folk pop; grime; rapper; pop soul; singer/songwriter; 2010s; persian pop; ed sheeran does not make sillyname tracks ಠ_ಠ; gradually watermelon; music for soccer moms,에드 시런; Edward Christopher Sheeran,1991-02-17,https://musicbrainz.org/artist/b8a7c51f-362c-4dcb-a259-bc6e0095f0a6,2026-10-05T05:05:14.242906+00:00,7,"[""pop"", ""guitarist"", ""folk"", ""singer-songwriter"", ""uk"", ""singer"", ""easy listening"", ""soft rock"", ""dance-pop"", ""pop rap"", ""folk pop"", ""grime"", ""rapper"", ""pop soul"", ""singer/songwriter"", ""2010s"", ""persian pop"", ""ed sheeran does not make sillyname tracks ಠ_ಠ"", ""gradually watermelon"", ""music for soccer moms""]","[""에드 시런"", ""Edward Christopher Sheeran""]"
f4abc0b5-3f7a-4eff-8f78-ac078dbce533,Billie Eilish,Person,US,,female,United States,electronic; downtempo; pop; singer-songwriter; usa; electronica; alternative; electropop; lo-fi; female vocals; indie pop; leftfield; pop rock; alternative pop; english; indietronica; los angeles; queer; teen pop; pop soul; alt-pop; progressive pop; dark pop; contemporary r&b; 2010s; art pop; alternative r&b; trap; bedroom pop; pity pop; englisch; 2020s; sad girl pop; gen z; late 2010s; nepo baby,Billie Eilish Pirate Baird O’Connell; Bili Ailiš Pirat Beird O’Konel; Bili Ailiš; Billija Ailiša; 빌리 아일리시; ប៊ីលលី អៃលីស; Билли Айлиш; ბილი აილიში; Բիլլի Այլիշ; बिली एलीश; בילי אייליש; بیلي آیليش; بیلی آیلیش; Μπίλλι Άιλις; بیڵی_ئایڵش; বিলি আইলিশ; Били Ейлиш; Білі Айліш; Billi Ayliş; بيلي إيليش; 比莉艾莉什; ビリー・アイリッシュ; Billie O’Connell; Billie Eilish O’Connell; Bil Cutie,2001-12-18,https://musicbrainz.org/artist/f4abc0b5-3f7a-4eff-8f78-ac078dbce533,2026-10-05T05:05:14.242906+00:00,8,"[""electronic"", ""downtempo"", ""pop"", ""singer-songwriter"", ""usa"", ""electronica"", ""alternative"", ""electropop"", ""lo-fi"", ""female vocals"", ""indie pop"", ""leftfield"", ""pop rock"", ""alternative pop"", ""english"", ""indietronica"", ""los angeles"", ""queer"", ""teen pop"", ""pop soul"", ""alt-pop"", ""progressive pop"", ""dark pop"", ""contemporary r&b"", ""2010s"", ""art pop"", ""alternative r&b"", ""trap"", ""bedroom pop"", ""pity pop"", ""englisch"", ""2020s"", ""sad girl pop"", ""gen z"", ""late 2010s"", ""nepo baby""]","[""Billie Eilish Pirate Baird O’Connell"", ""Bili Ailiš Pirat Beird O’Konel"", ""Bili Ailiš"", ""Billija Ailiša"", ""빌리 아일리시"", ""ប៊ីលលី អៃលីស"", ""Билли Айлиш"", ""ბილი აილიში"", ""Բիլլի Այլիշ"", ""बिली एलीश"", ""בילי אייליש"", ""بیلي آیليش"", ""بیلی آیلیش"", ""Μπίλλι Άιλις"", ""بیڵی_ئایڵش"", ""বিলি আইলিশ"", ""Били Ейлиш"", ""Білі Айліш"", ""Billi Ayliş"", ""بيلي إيليش"", ""比莉艾莉什"", ""ビリー・アイリッシュ"", ""Billie O’Connell"", ""Billie Eilish O’Connell"", ""Bil Cutie""]"
650e7db6-b795-4eb5-a702-5ea2fc46c848,Lady Gaga,Person,US,,female,United States,rock; electronic; synthpop; pop; jazz; dance; american; singer-songwriter; usa; synth-pop; electropop; disco; americana; américain; female vocals; 2000s; dance-pop; adult contemporary; pop rock; europop; electro house; edm; film soundtrack; united states; britney spears; the fame; gata rahe mera dil; 2010s; art pop; edge of glory; millennial; saxx dreams; server name; industrial pop; 2020s; late 2000s; nuno,嘎嘎小姐; Леді Гага; Lēdija Gāga; 史蒂芬妮·乔安妮·安吉丽娜·杰尔马诺塔; 女神卡卡; ליידי גאגא; لیڈی گاگا; Сте́фані Джоа́н Анджеліна Джермано́тта; Леді Гага; لېيدى گاگا; Леди Гага; Леди Гага; สเตฟานี โจแอนน์ แอนเจลินา เจอร์มาน็อตตา; เลดีกากา; Лейди Гага; లేడీ గాగా; லேடி காகா; Стефани Џоан Анџелина Џерманота; Лејди Гага; Џо Калдероне; لیڈی گاگا; ලේඩි ගාගා; ᱞᱮᱰᱤ ᱜᱟᱜᱟ; Леди Гага; Джо Кальдероне; Сте́фани Джоа́нн Анджели́на Джермано́тта; Леди Гага; ਸਟੇਫ਼ਨੀ ਜੋਐਨ ਏਂਜੇਲੀਨਾ ਜਰਮਨੋਟਾ; ਲੇਡੀ ਗਾਗਾ; ଲେଡି ଗାଗା; लेडी गागा; स्टेफनी जोएन एन्जेलिना जर्मनोट्टा; လေဒီဂါဂါ; स्टेफनी जोआन अँजेलिना जर्मानोटा; लेडी गागा; Стефани Жоанн Анжелина Жерманотта; Лэди Гага; ലേഡി ഗാഗ; Лејди Гага; लेडी गागा; ເລດີ້ ກາກ້າ; Леди Гага; لیڈی گاگا; 스테퍼니 조앤 앤젤리나 제르마노타; 레이디 가가; ಲೇಡಿ ಗಾಗಾ; ឡេឌី ហ្គាហ្គា; ლედი გაგა; ステファニー・ジョアン・アンジェリーナ・ジャーマノッタ; Լէյտի Կակա; Լեդի Գագա; लेडी गागा; סטפני ג'ואן אנג'לינה ג'רמנוטה; ליידי גאגא; Stefani Joanne Angelina Germanotta; S. Germanotta; Stefani Germanotta; Jo Calderone; લેડી ગાગા; جوآن استفانی جرمانوتا; لیدی گاگا; Στέφανι Τζοάν Αντζελίνα Τζερμανότα; Λέιντι Γκάγκα; Леди Гага; لەیدی گاگا; Леди Гага; Лејди Гага; Lejdi Gaga; Ledi Qaqa; لیدی قاقا; লেডি গাগা; लेडी गागा; Лейди Гага; Стэфані Джаан Анджэліна Джэрманота; Лэдзі Гага; Леди Гага; লেডী গাগা; ليدى جاجا; ليدي ڭاڭا; ستيفاني جيرمانوتا; ليدي غاغا; ስቲፋኒ ጆአኒ አንጀሊና ጀርማኖታ; በሌዲ ጋጋ; Stefanija Džoana Andželina Germanota; Lady Ga Ga; レディー・ガガ,1986-03-28,https://musicbrainz.org/artist/650e7db6-b795-4eb5-a702-5ea2fc46c848,2026-10-05T05:05:14.242906+00:00,9,"[""rock"", ""electronic"", ""synthpop"", ""pop"", ""jazz"", ""dance"", ""american"", ""singer-songwriter"", ""usa"", ""synth-pop"", ""electropop"", ""disco"", ""americana"", ""américain"", ""female vocals"", ""2000s"", ""dance-pop"", ""adult contemporary"", ""pop rock"", ""europop"", ""electro house"", ""edm"", ""film soundtrack"", ""united states"", ""britney spears"", ""the fame"", ""gata rahe mera dil"", ""2010s"", ""art pop"", ""edge of glory"", ""millennial"", ""saxx dreams"", ""server name"", ""industrial pop"", ""2020s"", ""late 2000s"", ""nuno""]","[""嘎嘎小姐"", ""Леді Гага"", ""Lēdija Gāga"", ""史蒂芬妮·乔安妮·安吉丽娜·杰尔马诺塔"", ""女神卡卡"", ""ליידי גאגא"", ""لیڈی گاگا"", ""Сте́фані Джоа́н Анджеліна Джермано́тта"", ""لېيدى گاگا"", ""Леди Гага"", ""สเตฟานี โจแอนน์ แอนเจลินา เจอร์มาน็อตตา"", ""เลดีกากา"", ""Лейди Гага"", ""లేడీ గాగా"", ""லேடி காகா"", ""Стефани Џоан Анџелина Џерманота"", ""Лејди Гага"", ""Џо Калдероне"", ""ලේඩි ගාගා"", ""ᱞᱮᱰᱤ ᱜᱟᱜᱟ"", ""Джо Кальдероне"", ""Сте́фани Джоа́нн Анджели́на Джермано́тта"", ""ਸਟੇਫ਼ਨੀ ਜੋਐਨ ਏਂਜੇਲੀਨਾ ਜਰਮਨੋਟਾ"", ""ਲੇਡੀ ਗਾਗਾ"", ""ଲେଡି ଗାଗା"", ""लेडी गागा"", ""स्टेफनी जोएन एन्जेलिना जर्मनोट्टा"", ""လေဒီဂါဂါ"", ""स्टेफनी जोआन अँजेलिना जर्मानोटा"", ""Стефани Жоанн Анжелина Жерманотта"", ""Лэди Гага"", ""ലേഡി ഗാഗ"", ""ເລດີ້ ກາກ້າ"", ""스테퍼니 조앤 앤젤리나 제르마노타"", ""레이디 가가"", ""ಲೇಡಿ ಗಾಗಾ"", ""ឡេឌី ហ្គាហ្គា"", ""ლედი გაგა"", ""ステファニー・ジョアン・アンジェリーナ・ジャーマノッタ"", ""Լէյտի Կակա"", ""Լեդի Գագա"", ""סטפני ג'ואן אנג'לינה ג'רמנוטה"", ""Stefani Joanne Angelina Germanotta"", ""S. Germanotta"", ""Stefani Germanotta"", ""Jo Calderone"", ""લેડી ગાગા"", ""جوآن استفانی جرمانوتا"", ""لیدی گاگا"", ""Στέφανι Τζοάν Αντζελίνα Τζερμανότα"", ""Λέιντι Γκάγκα"", ""لەیدی گاگا"", ""Lejdi Gaga"", ""Ledi Qaqa"", ""لیدی قاقا"", ""লেডি গাগা"", ""Стэфані Джаан Анджэліна Джэрманота"", ""Лэдзі Гага"", ""লেডী গাগা"", ""ليدى جاجا"", ""ليدي ڭاڭا"", ""ستيفاني جيرمانوتا"", ""ليدي غاغا"", ""ስቲፋኒ ጆአኒ አንጀሊና ጀርማኖታ"", ""በሌዲ ጋጋ"", ""Stefanija Džoana Andželina Germanota"", ""Lady Ga Ga"", ""レディー・ガガ""]"
f27ec8db-af05-4f36-916e-3d57f91ecf5e,Michael Jackson,Person,US,“King of Pop”,male,United States,rock; pop; dance; american; blues; hip hop; singer; usa; funk; vocal; soul; disco; rnb; composer; américain; lyricist; ballad; dance-pop; pop rock; pop rap; boogie; rhythm and blues; new jack swing; folk pop; parolier; chanteur; compositeur; motown; michael jackson; classic pop and rock; cool; united states; pop soul; michael-jackson; contemporary rnb; post-disco; r&b; contemporary r&b; death by drug overdose; cultural icon,Majkl Džekson; Мајкл Џексон; Michael Joe Jackson; JACKSON MICHAEL JOE; Michael Joseph Jackson; Michaël Jackson; Michel Jackson; W.A. Mozart; MJ; 迈克尔·杰克逊; 迈克尔·杰克逊; Майкл Джексон; マイケル・ジャクソン; 마이클 잭슨; Micheal; Michael Jackson,1958-08-29,https://musicbrainz.org/artist/f27ec8db-af05-4f36-916e-3d57f91ecf5e,2026-10-05T05:05:14.242906+00:00,10,"[""rock"", ""pop"", ""dance"", ""american"", ""blues"", ""hip hop"", ""singer"", ""usa"", ""funk"", ""vocal"", ""soul"", ""disco"", ""rnb"", ""composer"", ""américain"", ""lyricist"", ""ballad"", ""dance-pop"", ""pop rock"", ""pop rap"", ""boogie"", ""rhythm and blues"", ""new jack swing"", ""folk pop"", ""parolier"", ""chanteur"", ""compositeur"", ""motown"", ""michael jackson"", ""classic pop and rock"", ""cool"", ""united states"", ""pop soul"", ""michael-jackson"", ""contemporary rnb"", ""post-disco"", ""r&b"", ""contemporary r&b"", ""death by drug overdose"", ""cultural icon""]","[""Majkl Džekson"", ""Мајкл Џексон"", ""Michael Joe Jackson"", ""JACKSON MICHAEL JOE"", ""Michael Joseph Jackson"", ""Michaël Jackson"", ""Michel Jackson"", ""W.A. Mozart"", ""MJ"", ""迈克尔·杰克逊"", ""Майкл Джексон"", ""マイケル・ジャクソン"", ""마이클 잭슨"", ""Micheal"", ""Michael Jackson""]"
0383dadf-2a4e-4d10-a46a-e9e041da8eb3,Queen,Group,GB,UK rock group,,United Kingdom,rock; pop; progressive rock; 70s; 80s; heavy metal; 90s; pop-rock; british; uk; band; hard rock; britannique; uplifting; melodic; disco; glam rock; queen family; art rock; baroque pop; fantasy; classic rock; pop rock; symphonic rock; arena rock; english; england; united kingdom; awesome; queen; film soundtrack; classic pop and rock; eclectic; queer; platinum; energetic; beholder; playful; anthemic; mainstream rock; medley; pop/rock; 80's; 90's; 70's; rhythmic; langham 1 studio bbc; kind of magic; bombastic; glorious; sa-town anthem; server name; awe︎some; rx27; vyrzukhisuc-artiest,皇后乐队; クイーン,1970-06-27,https://musicbrainz.org/artist/0383dadf-2a4e-4d10-a46a-e9e041da8eb3,2026-10-05T05:05:14.242906+00:00,11,"[""rock"", ""pop"", ""progressive rock"", ""70s"", ""80s"", ""heavy metal"", ""90s"", ""pop-rock"", ""british"", ""uk"", ""band"", ""hard rock"", ""britannique"", ""uplifting"", ""melodic"", ""disco"", ""glam rock"", ""queen family"", ""art rock"", ""baroque pop"", ""fantasy"", ""classic rock"", ""pop rock"", ""symphonic rock"", ""arena rock"", ""english"", ""england"", ""united kingdom"", ""awesome"", ""queen"", ""film soundtrack"", ""classic pop and rock"", ""eclectic"", ""queer"", ""platinum"", ""energetic"", ""beholder"", ""playful"", ""anthemic"", ""mainstream rock"", ""medley"", ""pop/rock"", ""80's"", ""90's"", ""70's"", ""rhythmic"", ""langham 1 studio bbc"", ""kind of magic"", ""bombastic"", ""glorious"", ""sa-town anthem"", ""server name"", ""awe︎some"", ""rx27"", ""vyrzukhisuc-artiest""]","[""皇后乐队"", ""クイーン""]"
73e5e69d-3554-40d8-8516-00cb38737a1c,Rihanna,Person,US,Barbadian R&B/pop singer,female,United States,pop; dance; hip hop; reggae; contemporary r b; electropop; rnb; barbadian; female vocals; icon; dance-pop; dancehall; electro house; edm; pop and chart; female vocal; pop soul; rihanna; barbadien; barbados; barbade; rehab; r&b; contemporary r&b; pop culture; influential pop star; pop star,리아나; リアーナ; 蕾哈娜; Rhianna; Riannah; Rihanna; RiRi; Robyn Rihanna Fenty; Robyn R. Fenty; Rhianna,1988-02-20,https://musicbrainz.org/artist/73e5e69d-3554-40d8-8516-00cb38737a1c,2026-10-05T05:05:14.242906+00:00,12,"[""pop"", ""dance"", ""hip hop"", ""reggae"", ""contemporary r b"", ""electropop"", ""rnb"", ""barbadian"", ""female vocals"", ""icon"", ""dance-pop"", ""dancehall"", ""electro house"", ""edm"", ""pop and chart"", ""female vocal"", ""pop soul"", ""rihanna"", ""barbadien"", ""barbados"", ""barbade"", ""rehab"", ""r&b"", ""contemporary r&b"", ""pop culture"", ""influential pop star"", ""pop star""]","[""리아나"", ""リアーナ"", ""蕾哈娜"", ""Rhianna"", ""Riannah"", ""Rihanna"", ""RiRi"", ""Robyn Rihanna Fenty"", ""Robyn R. Fenty""]"
9fff2f8a-21e6-47de-a2b8-7f449929d43f,Drake,Person,CA,Canadian rapper,male,Canada,pop; rap; hip-hop; hip hop; southern hip hop; pop rap; rapper; lesbian; sxsw; top 100; r&b; contemporary r&b; 2010s; hardcore hip hop; alternative r&b; trap; canadian hip hop; trap rap; rap us; top 10; hardcore hip; cotm candidate; luxury rap; relic inn; 2020s; pedophilia; top 5,ドレイク; Champagne Papi; Aubrey Drake Graham; C. Papi,1986-10-24,https://musicbrainz.org/artist/9fff2f8a-21e6-47de-a2b8-7f449929d43f,2026-10-05T05:05:14.242906+00:00,13,"[""pop"", ""rap"", ""hip-hop"", ""hip hop"", ""southern hip hop"", ""pop rap"", ""rapper"", ""lesbian"", ""sxsw"", ""top 100"", ""r&b"", ""contemporary r&b"", ""2010s"", ""hardcore hip hop"", ""alternative r&b"", ""trap"", ""canadian hip hop"", ""trap rap"", ""rap us"", ""top 10"", ""hardcore hip"", ""cotm candidate"", ""luxury rap"", ""relic inn"", ""2020s"", ""pedophilia"", ""top 5""]","[""ドレイク"", ""Champagne Papi"", ""Aubrey Drake Graham"", ""C. Papi""]"
381086ea-f511-4aba-bdf9-71c753dc5077,Kendrick Lamar,Person,US,,male,United States,pop; rap; jazz; dance; house; hip hop; funk; disco; gangsta rap; pop rap; neo soul; alternative hip hop; experimental hip hop; west coast hip hop; boom bap; r&b; 2010s; jazz rap; conscious hip hop; political hip hop; hardcore hip hop; trap; future bass; relic inn; 2020s; progressive rap; contemporary rap; conscious rapper,"Kendrick Lamar, SZA; K. Duckworth; Kendrick Duckworth; Kendrick Lamar Duckworth; ケンドリック・ラマー; 켄드릭 라마; OKLAMA; K‐Dot; K. Dot",1987-06-17,https://musicbrainz.org/artist/381086ea-f511-4aba-bdf9-71c753dc5077,2026-10-05T05:05:14.242906+00:00,14,"[""pop"", ""rap"", ""jazz"", ""dance"", ""house"", ""hip hop"", ""funk"", ""disco"", ""gangsta rap"", ""pop rap"", ""neo soul"", ""alternative hip hop"", ""experimental hip hop"", ""west coast hip hop"", ""boom bap"", ""r&b"", ""2010s"", ""jazz rap"", ""conscious hip hop"", ""political hip hop"", ""hardcore hip hop"", ""trap"", ""future bass"", ""relic inn"", ""2020s"", ""progressive rap"", ""contemporary rap"", ""conscious rapper""]","[""Kendrick Lamar, SZA"", ""K. Duckworth"", ""Kendrick Duckworth"", ""Kendrick Lamar Duckworth"", ""ケンドリック・ラマー"", ""켄드릭 라마"", ""OKLAMA"", ""K‐Dot"", ""K. Dot""]"
0eb17834-1d29-47ef-a422-9dc68d73c5e4,Kanye West Tribute Band,Group,,,,,,,,https://musicbrainz.org/artist/0eb17834-1d29-47ef-a422-9dc68d73c5e4,2026-10-05T05:05:14.242906+00:00,15,[],[]
e0140a67-e4d1-4f13-8a01-364355bee46e,Justin Bieber,Person,CA,,male,Canada,pop; black metal; hip hop; electropop; dance-pop; pop rap; english; reggaeton; brutal death metal; gay; amazing; contemporary country; teen pop; christmas music; r&b; contemporary r&b; 2010s; tropical house; terrible; awful; 2020s; reggea,Justin Bieber; Justin Bieber; Justin Bieber; Justin Beiber; ジャスティン・ビーバー; Justin Drew Bieber,1994-03-01,https://musicbrainz.org/artist/e0140a67-e4d1-4f13-8a01-364355bee46e,2026-10-05T05:05:14.242906+00:00,16,"[""pop"", ""black metal"", ""hip hop"", ""electropop"", ""dance-pop"", ""pop rap"", ""english"", ""reggaeton"", ""brutal death metal"", ""gay"", ""amazing"", ""contemporary country"", ""teen pop"", ""christmas music"", ""r&b"", ""contemporary r&b"", ""2010s"", ""tropical house"", ""terrible"", ""awful"", ""2020s"", ""reggea""]","[""Justin Bieber"", ""Justin Beiber"", ""ジャスティン・ビーバー"", ""Justin Drew Bieber""]"
f4fdbb4c-e4b7-47a0-b83b-d91bbfcfa387,Ariana Grande,Person,US,,female,United States,pop; dance; soul; electropop; female vocals; dance-pop; blue-eyed soul; english; electro house; pop soul; r&b; contemporary r&b; 2010s; trap; ag4; trap soul; awful; 2020s; nuno,ئاریانا گراندێی-بوتێرا; ئاریانا گراندێی; أريانا غراندي-بوتيرا; آریانا گرانده; آریانا گراندِی-بوترا; أريانا غراندي; 아리아나 그란데; אריאנא גראנדע; 艾尼安娜格兰德; 爱莉安娜·格兰德; アリアナ・グランデ; Ariana Grande-Butera,1993-06-26,https://musicbrainz.org/artist/f4fdbb4c-e4b7-47a0-b83b-d91bbfcfa387,2026-10-05T05:05:14.242906+00:00,17,"[""pop"", ""dance"", ""soul"", ""electropop"", ""female vocals"", ""dance-pop"", ""blue-eyed soul"", ""english"", ""electro house"", ""pop soul"", ""r&b"", ""contemporary r&b"", ""2010s"", ""trap"", ""ag4"", ""trap soul"", ""awful"", ""2020s"", ""nuno""]","[""ئاریانا گراندێی-بوتێرا"", ""ئاریانا گراندێی"", ""أريانا غراندي-بوتيرا"", ""آریانا گرانده"", ""آریانا گراندِی-بوترا"", ""أريانا غراندي"", ""아리아나 그란데"", ""אריאנא גראנדע"", ""艾尼安娜格兰德"", ""爱莉安娜·格兰德"", ""アリアナ・グランデ"", ""Ariana Grande-Butera""]"
122d63fc-8671-43e4-9752-34e846d62a9c,Katy Perry,Person,US,,female,United States,"rock; pop; dance; house; american; usa; synth-pop; electropop; disco; américain; female vocals; dance-pop; pop rock; united states; cute; teen pop; gospel music; katy perry; dance music; camp; multiple ipi; contemporary pop/rock; bubblegum; california gurls; 2010s; ur so fail; fail; bubblegum pop; trap; lame; her expression is like shes thinking something dumb; nope still fail; still fail; lolol trap?; megafail; failfail; ""ur so fail""; ur so faaaail; chesty; ‟ur so fail”; total fail; ur so lame; i'm gay if i am shut up; katy perry is gay; megalmaestupiddumb; also fail; what's wrong with being gay? gay; uncool; srsly i'm gay if i am shut up; srsly what's wrong with beign gay; gaaaaaayyyyyyyyy; gaymeme; katy pery is dumb; lame lame lame lame; i'm gay if i am⸲ shut up; homophobe",水果姐; 凯蒂·佩里; ケイティ・ペリー; Katy Pery; Katheryn Perry; Katheryn Elizabeth Hudson; Katy Hudson; Katheryn Hudson; Katy Perry,1984-10-25,https://musicbrainz.org/artist/122d63fc-8671-43e4-9752-34e846d62a9c,2026-10-05T05:05:14.242906+00:00,18,"[""rock"", ""pop"", ""dance"", ""house"", ""american"", ""usa"", ""synth-pop"", ""electropop"", ""disco"", ""américain"", ""female vocals"", ""dance-pop"", ""pop rock"", ""united states"", ""cute"", ""teen pop"", ""gospel music"", ""katy perry"", ""dance music"", ""camp"", ""multiple ipi"", ""contemporary pop/rock"", ""bubblegum"", ""california gurls"", ""2010s"", ""ur so fail"", ""fail"", ""bubblegum pop"", ""trap"", ""lame"", ""her expression is like shes thinking something dumb"", ""nope still fail"", ""still fail"", ""lolol trap?"", ""megafail"", ""failfail"", ""\""ur so fail\"""", ""ur so faaaail"", ""chesty"", ""‟ur so fail”"", ""total fail"", ""ur so lame"", ""i'm gay if i am shut up"", ""katy perry is gay"", ""megalmaestupiddumb"", ""also fail"", ""what's wrong with being gay? gay"", ""uncool"", ""srsly i'm gay if i am shut up"", ""srsly what's wrong with beign gay"", ""gaaaaaayyyyyyyyy"", ""gaymeme"", ""katy pery is dumb"", ""lame lame lame lame"", ""i'm gay if i am⸲ shut up"", ""homophobe""]","[""水果姐"", ""凯蒂·佩里"", ""ケイティ・ペリー"", ""Katy Pery"", ""Katheryn Perry"", ""Katheryn Elizabeth Hudson"", ""Katy Hudson"", ""Katheryn Hudson"", ""Katy Perry""]"
6f1a58bf-9b1b-49cf-a44a-6cefad7ae04f,Dua Lipa,Person,GB,,female,United Kingdom,synthpop; pop; house; synth-pop; electropop; indie pop; leftfield; dance-pop; europop; dream pop; boogie; alternative pop; english; funktronica; nu disco; hypnagogic pop; r&b; contemporary r&b; house music; left-field pop; girlpower; 2020s; nuno,두아리파; 두아 리파; デュア・リパ; Dula Peep; Dua Lipa,1995-08-22,https://musicbrainz.org/artist/6f1a58bf-9b1b-49cf-a44a-6cefad7ae04f,2026-10-05T05:05:14.242906+00:00,19,"[""synthpop"", ""pop"", ""house"", ""synth-pop"", ""electropop"", ""indie pop"", ""leftfield"", ""dance-pop"", ""europop"", ""dream pop"", ""boogie"", ""alternative pop"", ""english"", ""funktronica"", ""nu disco"", ""hypnagogic pop"", ""r&b"", ""contemporary r&b"", ""house music"", ""left-field pop"", ""girlpower"", ""2020s"", ""nuno""]","[""두아리파"", ""두아 리파"", ""デュア・リパ"", ""Dula Peep"", ""Dua Lipa""]"
1882fe91-cdd9-49c9-9956-8e06a3810bd4,Sabrina Carpenter,Person,US,,female,United States,pop; american; country; electropop; rnb; female vocalists; dance-pop; 2020s; gen z; nepo baby; my top songs,サブリナ・カーペンター; Sabrina Annlynn Carpenter,1999-05-11,https://musicbrainz.org/artist/1882fe91-cdd9-49c9-9956-8e06a3810bd4,2026-10-05T05:05:14.242906+00:00,20,"[""pop"", ""american"", ""country"", ""electropop"", ""rnb"", ""female vocalists"", ""dance-pop"", ""2020s"", ""gen z"", ""nepo baby"", ""my top songs""]","[""サブリナ・カーペンター"", ""Sabrina Annlynn Carpenter""]"
6925db17-f35e-42f3-a4eb-84ee6bf5d4b0,Olivia Rodrigo,Person,US,US singer‐songwriter,female,United States,rock; pop; alternative rock; punk rock; singer-songwriter; power pop; synth-pop; female vocalists; female vocals; indie pop; dance-pop; pop rock; pop punk; new jack swing; dance-punk; musical; folk pop; indietronica; folktronica; teen pop; emo pop; r&b; dance-rock; 2010s; bubblegum pop; 2020s; gen z,奥利维亚·罗德里戈; 奧莉維亞·羅德里戈; اولیویا روڈریگو; Олівія Родріґо; โอลิเวีย โรดริโก; Оливија Родриго; اولیویا روڈریگو; Оливия Родриго; اولیویا روڈریگو; ਓਲੀਵੀਆ ਰੌਡਰੀਗੋ; ओलिभिया रोड्रिगो; Оливија Родриго; Olīvija Rodrigo; 올리비아 로드리고; ოლივია როდრიგო; Օլիվիա Ռոդրիգո; אוליביה רודריגו; اولیویا رودریگو; Ολίβια Ροντρίγκο; Olivia Rodrigová; Оливия Родриго; Алівія Радрыга; Oliviya Rodriqo; ئۆلیڤیا ڕادریگۆ; اوليفيا رودريجو; أوليفيا رودريغو; オリヴィア・ロドリゴ; Olivia Isabel Rodrigo,2003-02-20,https://musicbrainz.org/artist/6925db17-f35e-42f3-a4eb-84ee6bf5d4b0,2026-10-05T05:05:14.242906+00:00,21,"[""rock"", ""pop"", ""alternative rock"", ""punk rock"", ""singer-songwriter"", ""power pop"", ""synth-pop"", ""female vocalists"", ""female vocals"", ""indie pop"", ""dance-pop"", ""pop rock"", ""pop punk"", ""new jack swing"", ""dance-punk"", ""musical"", ""folk pop"", ""indietronica"", ""folktronica"", ""teen pop"", ""emo pop"", ""r&b"", ""dance-rock"", ""2010s"", ""bubblegum pop"", ""2020s"", ""gen z""]","[""奥利维亚·罗德里戈"", ""奧莉維亞·羅德里戈"", ""اولیویا روڈریگو"", ""Олівія Родріґо"", ""โอลิเวีย โรดริโก"", ""Оливија Родриго"", ""Оливия Родриго"", ""ਓਲੀਵੀਆ ਰੌਡਰੀਗੋ"", ""ओलिभिया रोड्रिगो"", ""Olīvija Rodrigo"", ""올리비아 로드리고"", ""ოლივია როდრიგო"", ""Օլիվիա Ռոդրիգո"", ""אוליביה רודריגו"", ""اولیویا رودریگو"", ""Ολίβια Ροντρίγκο"", ""Olivia Rodrigová"", ""Алівія Радрыга"", ""Oliviya Rodriqo"", ""ئۆلیڤیا ڕادریگۆ"", ""اوليفيا رودريجو"", ""أوليفيا رودريغو"", ""オリヴィア・ロドリゴ"", ""Olivia Isabel Rodrigo""]"
b10bbbfc-cf9e-42e0-be17-e2c3e1d2600d,The Beatles,Group,GB,"UK rock band, “The Fab Four”",,United Kingdom,rock; pop; progressive rock; 80s; heavy metal; pop-rock; orchestral; experimental; british; uk; 60s; hard rock; indie rock; folk rock; psychedelic rock; psychedelic; blues rock; britpop; art rock; folk-rock; baroque pop; classic rock; 1960s; psychedelic pop; experimental rock; pop rock; europop; british invasion; rock and roll; rock roll; beat; english; sunshine pop; folk pop; rock music; liverpool; parlophone; united kingdom; hair metal; europe; 1; bbc; film soundtrack; classic pop and rock; singer songwriter; classical pop; instrumental pop; merseybeat; adult alternative pop rock; tribute albums; british psychedelia; orchestral pop; pop-metal; psychedelia; male vocalists; the-beatles; am pop; mainstream rock; boys band; abbey road; rock & roll; pop/rock; contemporary pop/rock; early pop/rock; rhythm & blues; overrated; psychedelic/garage; art pop; one beatles; n.; traditional folk music; popular music; a filk artist; british rhythm & blues; beat music; get back; favoritos; the beatles - primal colours; reino unido; rock groups; vyrzukhisuc-artiest,비틀스; 披头士乐队; 披头士乐队; 披頭四樂團; Beatles; Beetles; 披頭四樂隊; fab four; Պիթլս; ဘီးတဲလ်အဖွဲ့; द बिटल्स; ᱫᱚ ᱵᱤᱴᱞᱮᱥ; די ביטלס; Бітлз; Битлз; 披头士; 披頭四; The Silver Beatles; I Beatles; Die Beatles; ბითლზი; بیٹلز; เดอะบีเทิลส์; ద బీటిల్స్; பீட்டில்ஸ்; ਦ ਬੀਟਲਜ਼; Битлси; ദി ബീറ്റിൽസ്; ದಿ ಬೀಟಲ್ಸ್; Bítlarnir; द बीटल्स; 더 비틀즈; הביטלס; ધ બિટલ્સ; بیتلز; দ্য বিটল্‌স; البيتلز; Los Beatles; ዘ ቢተልስ; ザ・ビートルズ; Les Beatles; The Beatles,1960-03-27,https://musicbrainz.org/artist/b10bbbfc-cf9e-42e0-be17-e2c3e1d2600d,2026-10-05T05:05:14.242906+00:00,22,"[""rock"", ""pop"", ""progressive rock"", ""80s"", ""heavy metal"", ""pop-rock"", ""orchestral"", ""experimental"", ""british"", ""uk"", ""60s"", ""hard rock"", ""indie rock"", ""folk rock"", ""psychedelic rock"", ""psychedelic"", ""blues rock"", ""britpop"", ""art rock"", ""folk-rock"", ""baroque pop"", ""classic rock"", ""1960s"", ""psychedelic pop"", ""experimental rock"", ""pop rock"", ""europop"", ""british invasion"", ""rock and roll"", ""rock roll"", ""beat"", ""english"", ""sunshine pop"", ""folk pop"", ""rock music"", ""liverpool"", ""parlophone"", ""united kingdom"", ""hair metal"", ""europe"", ""1"", ""bbc"", ""film soundtrack"", ""classic pop and rock"", ""singer songwriter"", ""classical pop"", ""instrumental pop"", ""merseybeat"", ""adult alternative pop rock"", ""tribute albums"", ""british psychedelia"", ""orchestral pop"", ""pop-metal"", ""psychedelia"", ""male vocalists"", ""the-beatles"", ""am pop"", ""mainstream rock"", ""boys band"", ""abbey road"", ""rock & roll"", ""pop/rock"", ""contemporary pop/rock"", ""early pop/rock"", ""rhythm & blues"", ""overrated"", ""psychedelic/garage"", ""art pop"", ""one beatles"", ""n."", ""traditional folk music"", ""popular music"", ""a filk artist"", ""british rhythm & blues"", ""beat music"", ""get back"", ""favoritos"", ""the beatles - primal colours"", ""reino unido"", ""rock groups"", ""vyrzukhisuc-artiest""]","[""비틀스"", ""披头士乐队"", ""披頭四樂團"", ""Beatles"", ""Beetles"", ""披頭四樂隊"", ""fab four"", ""Պիթլս"", ""ဘီးတဲလ်အဖွဲ့"", ""द बिटल्स"", ""ᱫᱚ ᱵᱤᱴᱞᱮᱥ"", ""די ביטלס"", ""Бітлз"", ""Битлз"", ""披头士"", ""披頭四"", ""The Silver Beatles"", ""I Beatles"", ""Die Beatles"", ""ბითლზი"", ""بیٹلز"", ""เดอะบีเทิลส์"", ""ద బీటిల్స్"", ""பீட்டில்ஸ்"", ""ਦ ਬੀਟਲਜ਼"", ""Битлси"", ""ദി ബീറ്റിൽസ്"", ""ದಿ ಬೀಟಲ್ಸ್"", ""Bítlarnir"", ""द बीटल्स"", ""더 비틀즈"", ""הביטלס"", ""ધ બિટલ્સ"", ""بیتلز"", ""দ্য বিটল্‌স"", ""البيتلز"", ""Los Beatles"", ""ዘ ቢተልስ"", ""ザ・ビートルズ"", ""Les Beatles"", ""The Beatles""]"
01809552-4f87-45b0-afff-2c6f0730a3be,Elvis Presley,Person,US,“The King of Rock and Roll”,male,United States,rock; pop; american; blues; singer; rockabilly; country; soul; rock n roll; country rock; classic rock; pop rock; blue-eyed soul; gospel; rock and roll; oldies; love; film soundtrack; classic pop and rock; religious; traditional country; party; best; gospel music; singers; country-pop; christmas music; actors; am pop; guitarists; r&b; rock & roll; pop/rock; contemporary pop/rock; early pop/rock; progressive country; flaming; if you talk in your sleep; in the studio; eddie rubin; rock-and-roll; aln-sh; rock musicians; https://musicbrainz.org/artist/01809552-4f87-45b0-afff-2c6f0730a3be,Элвис Пресли; Элвис Пресли; الویس پرسلی; Елвіс Преслі; إلفيس بريسلي; 埃爾維斯·皮禮士利; エルヴィス・プレスリー; The King; Elvis Aaron Presley; Elvis A. Presley; Elvis; Presley Elvis; The King of Rock and Roll; Priesley; Elvis Presley,1935-01-08,https://musicbrainz.org/artist/01809552-4f87-45b0-afff-2c6f0730a3be,2026-10-05T05:05:14.242906+00:00,23,"[""rock"", ""pop"", ""american"", ""blues"", ""singer"", ""rockabilly"", ""country"", ""soul"", ""rock n roll"", ""country rock"", ""classic rock"", ""pop rock"", ""blue-eyed soul"", ""gospel"", ""rock and roll"", ""oldies"", ""love"", ""film soundtrack"", ""classic pop and rock"", ""religious"", ""traditional country"", ""party"", ""best"", ""gospel music"", ""singers"", ""country-pop"", ""christmas music"", ""actors"", ""am pop"", ""guitarists"", ""r&b"", ""rock & roll"", ""pop/rock"", ""contemporary pop/rock"", ""early pop/rock"", ""progressive country"", ""flaming"", ""if you talk in your sleep"", ""in the studio"", ""eddie rubin"", ""rock-and-roll"", ""aln-sh"", ""rock musicians"", ""https://musicbrainz.org/artist/01809552-4f87-45b0-afff-2c6f0730a3be""]","[""Элвис Пресли"", ""الویس پرسلی"", ""Елвіс Преслі"", ""إلفيس بريسلي"", ""埃爾維斯·皮禮士利"", ""エルヴィス・プレスリー"", ""The King"", ""Elvis Aaron Presley"", ""Elvis A. Presley"", ""Elvis"", ""Presley Elvis"", ""The King of Rock and Roll"", ""Priesley"", ""Elvis Presley""]"
0307edfc-437c-4b48-8700-80680e66a228,Whitney Houston,Person,US,,female,United States,pop; dance; easy listening; soul; synth-pop; disco; dance-pop; adult contemporary; quiet storm; new jack swing; urban contemporary; soul and reggae; gospel music; pop soul; death by drowning; r&b; contemporary r&b; adult contemporary r&b; o happy day,Whitney Elizabeth Houston,1963-08-09,https://musicbrainz.org/artist/0307edfc-437c-4b48-8700-80680e66a228,2026-10-05T05:05:14.242906+00:00,24,"[""pop"", ""dance"", ""easy listening"", ""soul"", ""synth-pop"", ""disco"", ""dance-pop"", ""adult contemporary"", ""quiet storm"", ""new jack swing"", ""urban contemporary"", ""soul and reggae"", ""gospel music"", ""pop soul"", ""death by drowning"", ""r&b"", ""contemporary r&b"", ""adult contemporary r&b"", ""o happy day""]","[""Whitney Elizabeth Houston""]"
070d193a-845c-479f-980e-bef15710653e,Prince,Person,US,“The Artist Formerly Known as…”,male,United States,rock; pop; 70s; 80s; 90s; jazz; dance; house; punk; american; usa; funk; deep house; funk rock; soul; disco; américain; dance-pop; psychedelic pop; pop rock; neo-psychedelia; rock music; club; african; composers; 00s; robin; film soundtrack; pop and chart; pop soul; singers; caribbean; psychedelic soul; minneapolis sound; r&b; pop/rock; contemporary pop/rock; contemporary r&b; dance-rock; adult contemporary r&b; synth funk; afro house; trap; prince revolution; pretzelbodylogic; james scutt; popular music; future bass; anniversary; organic house; server name; sound recording executives and producers; instrumentalists; rhythm and blues music,The Artist (Formerly Known as Prince); The Artist Formerly Known as Prince; O(+>; Purple Yoda; Evolsidog; Gemini; The Symbol; Joey Coco; (us 1) PRINCE; Ƭ̵̬̊; The Love Symbol; Camille; Paisley Park; Alexander Nevermind; Prince Rogers Nelson; O(+>); Formerly Prince; Symbol; T.A.F.K.A.P.; ♀♂; Jamie Starr; Prince,1958-06-07,https://musicbrainz.org/artist/070d193a-845c-479f-980e-bef15710653e,2026-10-05T05:05:14.242906+00:00,25,"[""rock"", ""pop"", ""70s"", ""80s"", ""90s"", ""jazz"", ""dance"", ""house"", ""punk"", ""american"", ""usa"", ""funk"", ""deep house"", ""funk rock"", ""soul"", ""disco"", ""américain"", ""dance-pop"", ""psychedelic pop"", ""pop rock"", ""neo-psychedelia"", ""rock music"", ""club"", ""african"", ""composers"", ""00s"", ""robin"", ""film soundtrack"", ""pop and chart"", ""pop soul"", ""singers"", ""caribbean"", ""psychedelic soul"", ""minneapolis sound"", ""r&b"", ""pop/rock"", ""contemporary pop/rock"", ""contemporary r&b"", ""dance-rock"", ""adult contemporary r&b"", ""synth funk"", ""afro house"", ""trap"", ""prince revolution"", ""pretzelbodylogic"", ""james scutt"", ""popular music"", ""future bass"", ""anniversary"", ""organic house"", ""server name"", ""sound recording executives and producers"", ""instrumentalists"", ""rhythm and blues music""]","[""The Artist (Formerly Known as Prince)"", ""The Artist Formerly Known as Prince"", ""O(+>"", ""Purple Yoda"", ""Evolsidog"", ""Gemini"", ""The Symbol"", ""Joey Coco"", ""(us 1) PRINCE"", ""Ƭ̵̬̊"", ""The Love Symbol"", ""Camille"", ""Paisley Park"", ""Alexander Nevermind"", ""Prince Rogers Nelson"", ""O(+>)"", ""Formerly Prince"", ""Symbol"", ""T.A.F.K.A.P."", ""♀♂"", ""Jamie Starr"", ""Prince""]"
5441c29d-3602-4898-b1a1-b77fa23b8e50,David Bowie,Person,,English singer‐songwriter,male,England,rock; electronic; pop; alternative rock; 80s; experimental; british; singer-songwriter; new wave; uk; britannique; funk; alternative; soul; glam rock; art rock; classic rock; psychedelic pop; experimental rock; pop rock; blue-eyed soul; english; rock music; composers; classic pop and rock; singers; actors; post-disco; death by liver cancer; pop/rock; art pop; avant-garde pop; server name; killed by 2016!; permanent wave; aln-sh; rock musicians; arrangers; sound recording executives and producers; glam rock music; glam rock musicians,Davy Jones; 데이비드 보위; Ziggy Stardust; David Jones; David Robert Jones; Дэвид Боуи; The Thin White Duke; デビッド・ボウイ; Davis Bowie; Bowie; Davie Bowie; Harry the Butcher; デヴィッド・ボウイ,1947-01-08,https://musicbrainz.org/artist/5441c29d-3602-4898-b1a1-b77fa23b8e50,2026-10-05T05:05:14.242906+00:00,26,"[""rock"", ""electronic"", ""pop"", ""alternative rock"", ""80s"", ""experimental"", ""british"", ""singer-songwriter"", ""new wave"", ""uk"", ""britannique"", ""funk"", ""alternative"", ""soul"", ""glam rock"", ""art rock"", ""classic rock"", ""psychedelic pop"", ""experimental rock"", ""pop rock"", ""blue-eyed soul"", ""english"", ""rock music"", ""composers"", ""classic pop and rock"", ""singers"", ""actors"", ""post-disco"", ""death by liver cancer"", ""pop/rock"", ""art pop"", ""avant-garde pop"", ""server name"", ""killed by 2016!"", ""permanent wave"", ""aln-sh"", ""rock musicians"", ""arrangers"", ""sound recording executives and producers"", ""glam rock music"", ""glam rock musicians""]","[""Davy Jones"", ""데이비드 보위"", ""Ziggy Stardust"", ""David Jones"", ""David Robert Jones"", ""Дэвид Боуи"", ""The Thin White Duke"", ""デビッド・ボウイ"", ""Davis Bowie"", ""Bowie"", ""Davie Bowie"", ""Harry the Butcher"", ""デヴィッド・ボウイ""]"
72c536dc-7137-4477-a521-567eeb840fa8,Bob Dylan,Person,US,,male,United States,rock; jazz; folk; american; blues; singer-songwriter; country; folk rock; blues rock; country rock; classic rock; 1980s; 1990s; 1970s; icon; 1960s; 2000s; pop rock; contemporary folk; gospel; roots rock; classic pop and rock; rare; traditional pop; siple twist of fate; 1 13 165900 150 7672 22647 34612 48720 59280 74602 87545 95495 107182 131087 141522 153710; teater konsert; singer/songwriter; pop/rock; dylan bootleg series; pledging my time; favoritos; album;live; greenwich village scene; bob dylan - where are you now my blue eyed son,Boy Dylan; DYLYN Bob; Robert Dylan; Robert Zimmerman; Bobby Zimmerman; Боб Дилан; Bob Landy; Boo Wilbury; Robert Allen Zimmerman; Bob D; Dylan; Jack Frost; Blind Boy Grunt; Lucky Wilbury; Bob Dylan,1941-05-24,https://musicbrainz.org/artist/72c536dc-7137-4477-a521-567eeb840fa8,2026-10-05T05:05:14.242906+00:00,27,"[""rock"", ""jazz"", ""folk"", ""american"", ""blues"", ""singer-songwriter"", ""country"", ""folk rock"", ""blues rock"", ""country rock"", ""classic rock"", ""1980s"", ""1990s"", ""1970s"", ""icon"", ""1960s"", ""2000s"", ""pop rock"", ""contemporary folk"", ""gospel"", ""roots rock"", ""classic pop and rock"", ""rare"", ""traditional pop"", ""siple twist of fate"", ""1 13 165900 150 7672 22647 34612 48720 59280 74602 87545 95495 107182 131087 141522 153710"", ""teater konsert"", ""singer/songwriter"", ""pop/rock"", ""dylan bootleg series"", ""pledging my time"", ""favoritos"", ""album"", ""live"", ""greenwich village scene"", ""bob dylan - where are you now my blue eyed son""]","[""Boy Dylan"", ""DYLYN Bob"", ""Robert Dylan"", ""Robert Zimmerman"", ""Bobby Zimmerman"", ""Боб Дилан"", ""Bob Landy"", ""Boo Wilbury"", ""Robert Allen Zimmerman"", ""Bob D"", ""Dylan"", ""Jack Frost"", ""Blind Boy Grunt"", ""Lucky Wilbury"", ""Bob Dylan""]"
1ee18fb3-18a6-4c7f-8ba0-bc41cdd0462e,Stevie Wonder,Person,US,,male,United States,rock; pop; singer-songwriter; funk; vegan; soul; motown; film soundtrack; rock and indie; pop soul; grammy winner; contemporary r&b; rhythm & blues,Steveland Hardaway Judkins; Стиви Уандер; Little Stevie Wonder; Steve Wonder; Strvie Wonder; Steevie Wonder; Wonder; Stevland Hardaway Judkins; Stevland Hardaway Morris; Stevie Wonder; スティーヴィー・ワンダー,1950-05-13,https://musicbrainz.org/artist/1ee18fb3-18a6-4c7f-8ba0-bc41cdd0462e,2026-10-05T05:05:14.242906+00:00,28,"[""rock"", ""pop"", ""singer-songwriter"", ""funk"", ""vegan"", ""soul"", ""motown"", ""film soundtrack"", ""rock and indie"", ""pop soul"", ""grammy winner"", ""contemporary r&b"", ""rhythm & blues""]","[""Steveland Hardaway Judkins"", ""Стиви Уандер"", ""Little Stevie Wonder"", ""Steve Wonder"", ""Strvie Wonder"", ""Steevie Wonder"", ""Wonder"", ""Stevland Hardaway Judkins"", ""Stevland Hardaway Morris"", ""Stevie Wonder"", ""スティーヴィー・ワンダー""]"
afdb7919-059d-43c1-b668-ba1d265e7e42,Marvin Gaye,Person,US,,male,United States,pop; american; funk; soul; rnb; sexual; motown; soul and reggae; pop soul; smooth soul; the very best of; death by murder; death by gun; multiple ipi; r&b; contemporary r&b; rhythm & blues; progressive soul,"Marvin Pentz Gay, Jr.; Marvin Gay; Marvine Gaye; Marving Gaye; Marvin P. Gaye",1939-04-02,https://musicbrainz.org/artist/afdb7919-059d-43c1-b668-ba1d265e7e42,2026-10-05T05:05:14.242906+00:00,29,"[""pop"", ""american"", ""funk"", ""soul"", ""rnb"", ""sexual"", ""motown"", ""soul and reggae"", ""pop soul"", ""smooth soul"", ""the very best of"", ""death by murder"", ""death by gun"", ""multiple ipi"", ""r&b"", ""contemporary r&b"", ""rhythm & blues"", ""progressive soul""]","[""Marvin Pentz Gay, Jr."", ""Marvin Gay"", ""Marvine Gaye"", ""Marving Gaye"", ""Marvin P. Gaye""]"
2f9ecbed-27be-40e6-abca-6de49d50299e,Aretha Franklin,Person,US,,female,United States,rock; pop; jazz; american; soul; rnb; gospel; quiet storm; southern soul; deep soul; soul and reggae; pop soul; smooth soul; r&b; rhythm & blues; the queen of soul; server name; 2008 universal fire victim; aln-sh,"アレサ・フランクリン; Aretha Louise Franklin; Aretha Fanklin; Aretha Franklyn; Franklin, Aretha; Arthaa Franklin; Aretja Franklin",1942-03-25,https://musicbrainz.org/artist/2f9ecbed-27be-40e6-abca-6de49d50299e,2026-10-05T05:05:14.242906+00:00,30,"[""rock"", ""pop"", ""jazz"", ""american"", ""soul"", ""rnb"", ""gospel"", ""quiet storm"", ""southern soul"", ""deep soul"", ""soul and reggae"", ""pop soul"", ""smooth soul"", ""r&b"", ""rhythm & blues"", ""the queen of soul"", ""server name"", ""2008 universal fire victim"", ""aln-sh""]","[""アレサ・フランクリン"", ""Aretha Louise Franklin"", ""Aretha Fanklin"", ""Aretha Franklyn"", ""Franklin, Aretha"", ""Arthaa Franklin"", ""Aretja Franklin""]"
197450cd-0124-4164-b723-3c22dd16494d,Frank Sinatra,Person,US,"American singer and actor, “Ol’ Blue Eyes”",male,United States,pop; jazz; easy listening; vocal; lounge; baroque pop; christmas; swing; big band; vocal jazz; columbia; easy listening soundtracks and musicals; singers; standards; traditional pop; acting; ultimate; singing; christmas music; actors; garland; chrismas; duets; swing; jazz; big band; christmas; my way; motion pictures--production and direction; motion picture producers and directors,Sinatra; Francis Albert Sinatra; Frankie Satin; フランク・シナトラ; Sinatra Frank; Frank Sinartra,1915-12-12,https://musicbrainz.org/artist/197450cd-0124-4164-b723-3c22dd16494d,2026-10-05T05:05:14.242906+00:00,31,"[""pop"", ""jazz"", ""easy listening"", ""vocal"", ""lounge"", ""baroque pop"", ""christmas"", ""swing"", ""big band"", ""vocal jazz"", ""columbia"", ""easy listening soundtracks and musicals"", ""singers"", ""standards"", ""traditional pop"", ""acting"", ""ultimate"", ""singing"", ""christmas music"", ""actors"", ""garland"", ""chrismas"", ""duets"", ""my way"", ""motion pictures--production and direction"", ""motion picture producers and directors""]","[""Sinatra"", ""Francis Albert Sinatra"", ""Frankie Satin"", ""フランク・シナトラ"", ""Sinatra Frank"", ""Frank Sinartra""]"
b95ce3ff-3d05-4e87-9e01-c97b66af13d4,Eminem,Person,US,US rapper,male,United States,turkish; pop; 90s; rap; american; hip-hop; actor; hip hop; songwriter; singer; detroit; hiphop; 2000s; midwest hip-hop; detroit hip-hop; gangsta rap; pop rap; record producer; english; horrorcore; rapper; us; pop and chart; eminem; 8 mile; boom bap; v; comedy rap; midwest hip hop; conscious hip hop; hardcore hip hop; trap; kun; detroit hip hop; relic inn; 2008 universal fire victim; midwestern hip hop; rap god; midwestern hip-hop; music trade,Marshall Mathers; Marshall Bruce Mathers III; Marshall Bruce Mathers; M. Mathers; Marshall Mathers III; Slim Shady; 에미넴; EminemMusic; M&M; Em; Ominem; The Real Slim Shady; エミネム; Eminem; EMINƎM,1972-10-17,https://musicbrainz.org/artist/b95ce3ff-3d05-4e87-9e01-c97b66af13d4,2026-10-05T05:05:14.242906+00:00,32,"[""turkish"", ""pop"", ""90s"", ""rap"", ""american"", ""hip-hop"", ""actor"", ""hip hop"", ""songwriter"", ""singer"", ""detroit"", ""hiphop"", ""2000s"", ""midwest hip-hop"", ""detroit hip-hop"", ""gangsta rap"", ""pop rap"", ""record producer"", ""english"", ""horrorcore"", ""rapper"", ""us"", ""pop and chart"", ""eminem"", ""8 mile"", ""boom bap"", ""v"", ""comedy rap"", ""midwest hip hop"", ""conscious hip hop"", ""hardcore hip hop"", ""trap"", ""kun"", ""detroit hip hop"", ""relic inn"", ""2008 universal fire victim"", ""midwestern hip hop"", ""rap god"", ""midwestern hip-hop"", ""music trade""]","[""Marshall Mathers"", ""Marshall Bruce Mathers III"", ""Marshall Bruce Mathers"", ""M. Mathers"", ""Marshall Mathers III"", ""Slim Shady"", ""에미넴"", ""EminemMusic"", ""M&M"", ""Em"", ""Ominem"", ""The Real Slim Shady"", ""エミネム"", ""Eminem"", ""EMINƎM""]"
f82bcf78-5b69-4622-a5ef-73800768d9ac,JAŸ-Z,Person,US,US rapper,male,United States,pop; rap; hip-hop; hip hop; hiphop; pop rap; rapper; us; mashup; hip hop rnb and dance hall; united states; grammy winner; boom bap; east coast hip hop; hardcore hip hop; new york hip hop; luxury rap; relic inn; chipmunk soul,JAŸ‐Z; JAY‐Z; jay z; Jay‐Z; Jaÿ‐Z; JAY:Z; JAY Z; Shawn C Carter; Shawn Carter; S. Carter; Shawn Corey Carter; Jayz; Hova; Jay-Hova; Jigga; Jay Z; Jay - Z; Hova da God,1969-12-04,https://musicbrainz.org/artist/f82bcf78-5b69-4622-a5ef-73800768d9ac,2026-10-05T05:05:14.242906+00:00,33,"[""pop"", ""rap"", ""hip-hop"", ""hip hop"", ""hiphop"", ""pop rap"", ""rapper"", ""us"", ""mashup"", ""hip hop rnb and dance hall"", ""united states"", ""grammy winner"", ""boom bap"", ""east coast hip hop"", ""hardcore hip hop"", ""new york hip hop"", ""luxury rap"", ""relic inn"", ""chipmunk soul""]","[""JAŸ‐Z"", ""JAY‐Z"", ""jay z"", ""Jay‐Z"", ""Jaÿ‐Z"", ""JAY:Z"", ""JAY Z"", ""Shawn C Carter"", ""Shawn Carter"", ""S. Carter"", ""Shawn Corey Carter"", ""Jayz"", ""Hova"", ""Jay-Hova"", ""Jigga"", ""Jay Z"", ""Jay - Z"", ""Hova da God""]"
1036b808-f58c-4a3e-b461-a2c4492ecf1b,Nicki Minaj,Person,US,,female,United States,electronic; pop; rap; dance; hip-hop; hip hop; pop rap; sxsw; caribbean; r&b; contemporary r&b; 2010s; east coast hip hop; hardcore hip hop; trap music; a filk artist; relic inn; queen of rap; cousin in trinidad wont get the vaccine; late 2000s; best female rapper,Nicki Maraj; Nicki Minaj; Nicki Minai; 妮琪米娜; ニッキー・ミナージュ; Queen of Rap; Roman Zolanski; Onika Tanya Maraj-Petty; Onika Tanya Maraj; Onika Maraj; O. Maraj; Nikki Minaj,1982-12-08,https://musicbrainz.org/artist/1036b808-f58c-4a3e-b461-a2c4492ecf1b,2026-10-05T05:05:14.242906+00:00,34,"[""electronic"", ""pop"", ""rap"", ""dance"", ""hip-hop"", ""hip hop"", ""pop rap"", ""sxsw"", ""caribbean"", ""r&b"", ""contemporary r&b"", ""2010s"", ""east coast hip hop"", ""hardcore hip hop"", ""trap music"", ""a filk artist"", ""relic inn"", ""queen of rap"", ""cousin in trinidad wont get the vaccine"", ""late 2000s"", ""best female rapper""]","[""Nicki Maraj"", ""Nicki Minaj"", ""Nicki Minai"", ""妮琪米娜"", ""ニッキー・ミナージュ"", ""Queen of Rap"", ""Roman Zolanski"", ""Onika Tanya Maraj-Petty"", ""Onika Tanya Maraj"", ""Onika Maraj"", ""O. Maraj"", ""Nikki Minaj""]"
2f3c4d70-0462-40da-bba3-0aec5772c556,Cardi B,Person,US,American rapper,female,United States,pop; rap; hip hop; pop rap; alternative pop; english; queer; east coast hip hop; hardcore hip hop; trap; trap soul; lick; englisch; relic inn; awful; late 2010s,カーディ・B; Belcalis Almanzar; Belcalis Marlenis Almánzar,1992-10-11,https://musicbrainz.org/artist/2f3c4d70-0462-40da-bba3-0aec5772c556,2026-10-05T05:05:14.242906+00:00,35,"[""pop"", ""rap"", ""hip hop"", ""pop rap"", ""alternative pop"", ""english"", ""queer"", ""east coast hip hop"", ""hardcore hip hop"", ""trap"", ""trap soul"", ""lick"", ""englisch"", ""relic inn"", ""awful"", ""late 2010s""]","[""カーディ・B"", ""Belcalis Almanzar"", ""Belcalis Marlenis Almánzar""]"
89aa5ecb-59ad-46f5-b3eb-2d424e941f19,Bad Bunny,Person,PR,,male,Puerto Rico,pop; hip hop; spanish; latin; english; reggaeton; latin urban; latin trap; trap latino,Benito Antonio Martínez Ocasio,1994-03-10,https://musicbrainz.org/artist/89aa5ecb-59ad-46f5-b3eb-2d424e941f19,2026-10-05T05:05:14.242906+00:00,36,"[""pop"", ""hip hop"", ""spanish"", ""latin"", ""english"", ""reggaeton"", ""latin urban"", ""latin trap"", ""trap latino""]","[""Benito Antonio Martínez Ocasio""]"
5bdeb32d-56a5-4b6d-a768-264101fa0a0a,J Balvin,Person,CO,,male,Colombia,kolumbien; spanish; columbia; pop; spanisch; latin urban; hip hop; latin pop; rnb; reggaeton; latin,J.Balvin; José Álvaro Osorio Balvín; J. Balvin,1985-05-07,https://musicbrainz.org/artist/5bdeb32d-56a5-4b6d-a768-264101fa0a0a,2026-10-05T05:05:14.242906+00:00,37,"[""kolumbien"", ""spanish"", ""columbia"", ""pop"", ""spanisch"", ""latin urban"", ""hip hop"", ""latin pop"", ""rnb"", ""reggaeton"", ""latin""]","[""J.Balvin"", ""José Álvaro Osorio Balvín"", ""J. Balvin""]"
bf24ca37-25f4-4e34-9aec-460b94364cfc,Shakira,Person,CO,Colombian singer-songwriter,female,Colombia,rock; pop; spanish; alternative; electropop; dance-pop; pop rock; latin pop; latin; colombian; merengue; classic pop and rock; colombia; barranquilla; atlantico; nuno,夏奇拉; Shaki; Shakira Isabel Mebarak Ripoll,1977-02-02,https://musicbrainz.org/artist/bf24ca37-25f4-4e34-9aec-460b94364cfc,2026-10-05T05:05:14.242906+00:00,38,"[""rock"", ""pop"", ""spanish"", ""alternative"", ""electropop"", ""dance-pop"", ""pop rock"", ""latin pop"", ""latin"", ""colombian"", ""merengue"", ""classic pop and rock"", ""colombia"", ""barranquilla"", ""atlantico"", ""nuno""]","[""夏奇拉"", ""Shaki"", ""Shakira Isabel Mebarak Ripoll""]"
2f522f5c-111c-4ce8-8bd0-d82e97c227ad,Daddy Yankee,Person,PR,,male,Puerto Rico,electronic; rap; dance; hip hop; reggae; latin pop; latin; english; reggaeton; hip hop rnb and dance hall; puerto rico; latin urban; englisch,DY; Raymond Ayala; Winchestra Yankee; Winchester 30-30; Ramón Luis Ayala Rodríguez; Winchester Yankee,1977-02-03,https://musicbrainz.org/artist/2f522f5c-111c-4ce8-8bd0-d82e97c227ad,2026-10-05T05:05:14.242906+00:00,39,"[""electronic"", ""rap"", ""dance"", ""hip hop"", ""reggae"", ""latin pop"", ""latin"", ""english"", ""reggaeton"", ""hip hop rnb and dance hall"", ""puerto rico"", ""latin urban"", ""englisch""]","[""DY"", ""Raymond Ayala"", ""Winchestra Yankee"", ""Winchester 30-30"", ""Ramón Luis Ayala Rodríguez"", ""Winchester Yankee""]"
0d79fe8e-ba27-4859-bb8c-2f255f346853,BTS,Group,KR,South Korean boy group,,South Korea,pop; dance; korean; hip hop; k-pop; english; boy band; boy group; teen pop; 2010s; bots; fixme label mess; bot; corean; 2020s; 3rd gen k-pop; ai slop,방탄; BTS; The Bangtan Boys; BTS; Bangtan Sonyeondan; Bōdan Shōnendan; Bulletproof Boy Scouts; Beyond the Scene; 방탄소년단; 防弾少年団; Bangtan Boys; BTS,2013-06-13,https://musicbrainz.org/artist/0d79fe8e-ba27-4859-bb8c-2f255f346853,2026-10-05T05:05:14.242906+00:00,40,"[""pop"", ""dance"", ""korean"", ""hip hop"", ""k-pop"", ""english"", ""boy band"", ""boy group"", ""teen pop"", ""2010s"", ""bots"", ""fixme label mess"", ""bot"", ""corean"", ""2020s"", ""3rd gen k-pop"", ""ai slop""]","[""방탄"", ""BTS"", ""The Bangtan Boys"", ""Bangtan Sonyeondan"", ""Bōdan Shōnendan"", ""Bulletproof Boy Scouts"", ""Beyond the Scene"", ""방탄소년단"", ""防弾少年団"", ""Bangtan Boys""]"
48646387-1664-4c9a-9139-9bfd091b823c,BLACKPINK,Group,KR,,,South Korea,pop; hip hop; j-pop; girl group; female vocals; k-pop; 2010s; 2020s; 3rd gen k-pop; girl crush,才貌俱全; BLACKPINK; Beullaekpingkeu; Блекпинк; བླེཀ་པིངཀ་; بڵاکپینک; בלאקפינק; ဘလက်ပင့်; ပလႅၵ်းၽိင်း; BLΛƆKPIИK; แบล็กพิงก์; ब्ल्याकपिङ्क; ແບັກພິ້ງ; ប្លេកភីង; ब्लैकपिंक; بلک‌پینک; ব্ল্যাকপিঙ্ক; بلک پینک; بلاكبينك; 블랙핑크; Black Pink,2016-08-08,https://musicbrainz.org/artist/48646387-1664-4c9a-9139-9bfd091b823c,2026-10-05T05:05:14.242906+00:00,41,"[""pop"", ""hip hop"", ""j-pop"", ""girl group"", ""female vocals"", ""k-pop"", ""2010s"", ""2020s"", ""3rd gen k-pop"", ""girl crush""]","[""才貌俱全"", ""BLACKPINK"", ""Beullaekpingkeu"", ""Блекпинк"", ""བླེཀ་པིངཀ་"", ""بڵاکپینک"", ""בלאקפינק"", ""ဘလက်ပင့်"", ""ပလႅၵ်းၽိင်း"", ""BLΛƆKPIИK"", ""แบล็กพิงก์"", ""ब्ल्याकपिङ्क"", ""ແບັກພິ້ງ"", ""ប្លេកភីង"", ""ब्लैकपिंक"", ""بلک‌پینک"", ""ব্ল্যাকপিঙ্ক"", ""بلک پینک"", ""بلاكبينك"", ""블랙핑크"", ""Black Pink""]"
e0bba708-bdd3-478d-84ea-c706413bedab,A. R. Rahman,Person,IN,,male,India,soundtrack; classical; bollywood; world fusion; indian; theatre; film score; asian; easy listening soundtracks and musicals; filmi; ar-rahman; cham cham; academy award winner,"A.S. Dileep Kumar; Allahrakka Rahman; A.R. Rahman, Melody King; A.R RAHMAN; A. R. Rehman; AR. Rehman; A.R.Rahman; A R Rahman; அல்லா ரக்கா ரஹ்மான்; એ. આર. રહેમાન; अल्लाह रक्खा रहमान; এ আর রহমান; എ.ആർ. റഹ്‌മാൻ; AR Rahman; Allah Rakha Rahman; Allah-Rakha Rahman; A. S. Dileepkumar; A.R. Rahman; A.R. Rehman; ஏ.ஆர்.ரஹ்மான்",1967-01-06,https://musicbrainz.org/artist/e0bba708-bdd3-478d-84ea-c706413bedab,2026-10-05T05:05:14.242906+00:00,42,"[""soundtrack"", ""classical"", ""bollywood"", ""world fusion"", ""indian"", ""theatre"", ""film score"", ""asian"", ""easy listening soundtracks and musicals"", ""filmi"", ""ar-rahman"", ""cham cham"", ""academy award winner""]","[""A.S. Dileep Kumar"", ""Allahrakka Rahman"", ""A.R. Rahman, Melody King"", ""A.R RAHMAN"", ""A. R. Rehman"", ""AR. Rehman"", ""A.R.Rahman"", ""A R Rahman"", ""அல்லா ரக்கா ரஹ்மான்"", ""એ. આર. રહેમાન"", ""अल्लाह रक्खा रहमान"", ""এ আর রহমান"", ""എ.ആർ. റഹ്‌മാൻ"", ""AR Rahman"", ""Allah Rakha Rahman"", ""Allah-Rakha Rahman"", ""A. S. Dileepkumar"", ""A.R. Rahman"", ""A.R. Rehman"", ""ஏ.ஆர்.ரஹ்மான்""]"
ed3f4831-e3e0-4dc0-9381-f5649e9df221,Arijit Singh,Person,IN,,male,India,bollywood; filmi; indian pop; gaana,Arjit Singh,1987-04-25,https://musicbrainz.org/artist/ed3f4831-e3e0-4dc0-9381-f5649e9df221,2026-10-05T05:05:14.242906+00:00,43,"[""bollywood"", ""filmi"", ""indian pop"", ""gaana""]","[""Arjit Singh""]"
f931c961-b647-4861-be8c-f47d84a4de51,Diljit Dosanjh,Person,IN,Indian punjabi singer,male,India,bhangra; punjabi,Diljit; Diljit Dosanjh,1984-01-06,https://musicbrainz.org/artist/f931c961-b647-4861-be8c-f47d84a4de51,2026-10-05T05:05:14.242906+00:00,44,"[""bhangra"", ""punjabi""]","[""Diljit"", ""Diljit Dosanjh""]"
aeb71bd8-447d-4415-8ea1-2b7d664f67e1,Lata Mangeshkar,Person,IN,Indian singer,female,India,desi; indian; asian; filmi; lata-mangeshkar; filmi sangeet; death by covid-19,లతా మంగేష్కర్; લતા મંગેશકર; लता मंगेशकर; லதா மங்கேஷ்கர்; Anandghan; Latha Mangeshkar; Lata Mangeskar; Lata Mangeskhar; Lathamangeshkar; Lata Mungeshkar; Lata Mangheskar; लता मंगेशकर,1929-09-28,https://musicbrainz.org/artist/aeb71bd8-447d-4415-8ea1-2b7d664f67e1,2026-10-05T05:05:14.242906+00:00,45,"[""desi"", ""indian"", ""asian"", ""filmi"", ""lata-mangeshkar"", ""filmi sangeet"", ""death by covid-19""]","[""లతా మంగేష్కర్"", ""લતા મંગેશકર"", ""लता मंगेशकर"", ""லதா மங்கேஷ்கர்"", ""Anandghan"", ""Latha Mangeshkar"", ""Lata Mangeskar"", ""Lata Mangeskhar"", ""Lathamangeshkar"", ""Lata Mungeshkar"", ""Lata Mangheskar""]"
793b8f58-80ab-49b3-b5ae-d94034dab10c,Kishore Kumar,Person,IN,,male,India,hindi; indian; asian; filmi; actor-singer,Abhas Kumar Ganguly; কিশোর কুমার; আভাষ কুমার গঙ্গোপাধ্যায়; Kishore Kumar & Chorus,1929-08-04,https://musicbrainz.org/artist/793b8f58-80ab-49b3-b5ae-d94034dab10c,2026-10-05T05:05:14.242906+00:00,46,"[""hindi"", ""indian"", ""asian"", ""filmi"", ""actor-singer""]","[""Abhas Kumar Ganguly"", ""কিশোর কুমার"", ""আভাষ কুমার গঙ্গোপাধ্যায়"", ""Kishore Kumar & Chorus""]"
78a19169-ac75-4868-b504-7e2e073118e0,Burna Boy,Person,NG,"Nigerian rapper, singer-songwriter, and record producer",male,Nigeria,reggae; afrobeat; english; dancehall; afrobeats; afro fusion,Damini Ogulu; Damini Ebunoluwa Ogulu,1991-07-02,https://musicbrainz.org/artist/78a19169-ac75-4868-b504-7e2e073118e0,2026-10-05T05:05:14.242906+00:00,47,"[""reggae"", ""afrobeat"", ""english"", ""dancehall"", ""afrobeats"", ""afro fusion""]","[""Damini Ogulu"", ""Damini Ebunoluwa Ogulu""]"
6514cffa-fbe0-4965-ad88-e998ead8a82a,Fela Kuti,Person,NG,,male,Nigeria,jazz; world; jazz-funk; afrobeat; nigerian; african; afro-beat; jùjú,フェラ・クティ; Fela Ransome Kuti; Fela Anikulapo-kuti; Fela Anikulapo Kuti; Olufela Olusegun Oludotun Ransome-Kuti; Fela & Egypt 80; Fela and Africa 70; Fela Anikulapo Kuti & Africa '70; Fela,1938-10-15,https://musicbrainz.org/artist/6514cffa-fbe0-4965-ad88-e998ead8a82a,2026-10-05T05:05:14.242906+00:00,48,"[""jazz"", ""world"", ""jazz-funk"", ""afrobeat"", ""nigerian"", ""african"", ""afro-beat"", ""jùjú""]","[""フェラ・クティ"", ""Fela Ransome Kuti"", ""Fela Anikulapo-kuti"", ""Fela Anikulapo Kuti"", ""Olufela Olusegun Oludotun Ransome-Kuti"", ""Fela & Egypt 80"", ""Fela and Africa 70"", ""Fela Anikulapo Kuti & Africa '70"", ""Fela""]"
efc5d365-a448-4e2f-9b5f-4a7c84be725c,Wizkid,Person,NG,alias for Ayodeji Ibrahim Balogun. Nigerian singer and songwriter.,male,Nigeria,pop; afrobeat; afropop; afrobeats; tryt,StarBoy; Ayodeji Ibrahim Balogun; Wizkid; DJ WizKid; Wizzy; Wiz Kid,1990-07-16,https://musicbrainz.org/artist/efc5d365-a448-4e2f-9b5f-4a7c84be725c,2026-10-05T05:05:14.242906+00:00,49,"[""pop"", ""afrobeat"", ""afropop"", ""afrobeats"", ""tryt""]","[""StarBoy"", ""Ayodeji Ibrahim Balogun"", ""Wizkid"", ""DJ WizKid"", ""Wizzy"", ""Wiz Kid""]"
ab2528d9-719f-4261-8098-21849222a0f2,Stromae,Person,BE,,male,Belgium,electropop; dance-pop; french pop; hip house; electro house; art pop; nouvelle chanson française,Paul Van Haver; Sromae,1985-03-12,https://musicbrainz.org/artist/ab2528d9-719f-4261-8098-21849222a0f2,2026-10-05T05:05:14.242906+00:00,50,"[""electropop"", ""dance-pop"", ""french pop"", ""hip house"", ""electro house"", ""art pop"", ""nouvelle chanson française""]","[""Paul Van Haver"", ""Sromae""]"
056e4f3e-d505-4dad-8ec1-d04f521cbb56,Daft Punk,Group,FR,French electronic duo,,France,electronic; synthpop; pop; french; dance; house; electro; vocoder; funk; techno; electronica; synth-pop; disco; favourite; tech house; indie dance; film score; wp musicians; electroclash; european; club; electro house; french touch; french house; edm; dance and electronica; electronic rock; dance music; nu disco; thomas bangalter; nu-disco; left-field house; r&b; house music; trap; future bass; organic house; french electro; leftfield house; jackin house; dj tools / acapellas,DaftPunk; daft punk; Duft Punk; ダフト・パンク; Daft Punk; Da Funk,1993,https://musicbrainz.org/artist/056e4f3e-d505-4dad-8ec1-d04f521cbb56,2026-10-05T05:05:14.242906+00:00,51,"[""electronic"", ""synthpop"", ""pop"", ""french"", ""dance"", ""house"", ""electro"", ""vocoder"", ""funk"", ""techno"", ""electronica"", ""synth-pop"", ""disco"", ""favourite"", ""tech house"", ""indie dance"", ""film score"", ""wp musicians"", ""electroclash"", ""european"", ""club"", ""electro house"", ""french touch"", ""french house"", ""edm"", ""dance and electronica"", ""electronic rock"", ""dance music"", ""nu disco"", ""thomas bangalter"", ""nu-disco"", ""left-field house"", ""r&b"", ""house music"", ""trap"", ""future bass"", ""organic house"", ""french electro"", ""leftfield house"", ""jackin house"", ""dj tools / acapellas""]","[""DaftPunk"", ""daft punk"", ""Duft Punk"", ""ダフト・パンク"", ""Daft Punk"", ""Da Funk""]"
2f548675-008d-4332-876c-108b0c7ab9c5,Sia,Person,AU,Australian singer‐songwriter,female,Australia,downtempo; pop; australian; electropop; female vocals; indie pop; dance-pop; acid jazz; alternative pop; english; chamber pop; pop and chart; adult alternative pop/rock; alternative singer/songwriter; mbs-333; art pop; left-field pop; australian pop; trainwreck,Sia Kate I. Furler; Sia Kate Isobelle Furler; Sia Furler; Sia; Sia Kate Furler; シーア; Sia,1975-12-18,https://musicbrainz.org/artist/2f548675-008d-4332-876c-108b0c7ab9c5,2026-10-05T05:05:14.242906+00:00,52,"[""downtempo"", ""pop"", ""australian"", ""electropop"", ""female vocals"", ""indie pop"", ""dance-pop"", ""acid jazz"", ""alternative pop"", ""english"", ""chamber pop"", ""pop and chart"", ""adult alternative pop/rock"", ""alternative singer/songwriter"", ""mbs-333"", ""art pop"", ""left-field pop"", ""australian pop"", ""trainwreck""]","[""Sia Kate I. Furler"", ""Sia Kate Isobelle Furler"", ""Sia Furler"", ""Sia"", ""Sia Kate Furler"", ""シーア""]"
